﻿<?xml version="1.0" encoding="UTF-8" ?>
<root>
	<contacts>
		<gender>female</gender>
		<name>
			<title>mrs</title>
			<first>natalie</first>
			<last>renner</last>
		</name>
		<location>
			<street>6329 kirchplatz</street>
			<city>viersen</city>
			<state>saarland</state>
			<postcode>31774</postcode>
		</location>
		<email>natalie.renner@example.com</email>
		<login>
			<username>greengorilla238</username>
			<password>waterloo</password>
			<salt>x0jUSdrF</salt>
			<md5>4ca6366a6cc03af75adc5d1ce96c1b75</md5>
			<sha1>c9d8032edbbf5fec50de9df3926d4be33c73059d</sha1>
			<sha256>3e06190b3cc8a854373f877eb408b57060534afbc105297b1ee032b7064354ef</sha256>
		</login>
		<dob>1987-11-20 06:03:36</dob>
		<registered>2011-04-26 06:06:17</registered>
		<phone>0113-4531492</phone>
		<cell>0171-3292242</cell>
		<id>1</id>
		<picture>
			<large>https://randomuser.me/api/portraits/women/53.jpg</large>
			<medium>https://randomuser.me/api/portraits/med/women/53.jpg</medium>
			<thumbnail>https://randomuser.me/api/portraits/thumb/women/53.jpg</thumbnail>
		</picture>
		<nat>DE</nat>
	</contacts>
	<contacts>
		<gender>male</gender>
		<name>
			<title>mr</title>
			<first>aleksi</first>
			<last>lammi</last>
		</name>
		<location>
			<street>2822 reijolankatu</street>
			<city>vihti</city>
			<state>ostrobothnia</state>
			<postcode>98702</postcode>
		</location>
		<email>aleksi.lammi@example.com</email>
		<login>
			<username>lazypeacock593</username>
			<password>vintage</password>
			<salt>mivVxMAP</salt>
			<md5>c9a4ad6d1aaa2aac5198a69df0833430</md5>
			<sha1>b68bb31657f95b6f218d197e557d589620941bb1</sha1>
			<sha256>344fe08657b1f1cf08594a1ba986d8679ba1c4247a23d767f34d0621cc9c8d5e</sha256>
		</login>
		<dob>1970-05-13 04:10:59</dob>
		<registered>2008-10-19 03:03:28</registered>
		<phone>07-557-601</phone>
		<cell>044-245-00-42</cell>
		<id>2</id>
		<picture>
			<large>https://randomuser.me/api/portraits/men/7.jpg</large>
			<medium>https://randomuser.me/api/portraits/med/men/7.jpg</medium>
			<thumbnail>https://randomuser.me/api/portraits/thumb/men/7.jpg</thumbnail>
		</picture>
		<nat>FI</nat>
	</contacts>
	<contacts>
		<gender>female</gender>
		<name>
			<title>mrs</title>
			<first>josefine</first>
			<last>johansen</last>
		</name>
		<location>
			<street>5281 fyrrevænget</street>
			<city>﻿aaborg øst</city>
			<state>syddanmark</state>
			<postcode>69892</postcode>
		</location>
		<email>josefine.johansen@example.com</email>
		<login>
			<username>blackdog494</username>
			<password>capricor</password>
			<salt>FeMPXQYE</salt>
			<md5>a78475555ef9dc72accf1a4ed5521f6f</md5>
			<sha1>10d965e9275371892e6a9aa82acf3a317ce85db4</sha1>
			<sha256>92c0634bb8c05e32c2bd7fbd90f91b58ed58d3775059b5860b5bbfd55bdbc100</sha256>
		</login>
		<dob>1985-05-05 16:32:42</dob>
		<registered>2004-05-08 00:59:34</registered>
		<phone>48460961</phone>
		<cell>06547269</cell>
		<id>
			<name>CPR</name>
			<value>925517-2499</value>
		</id>
		<picture>
			<large>https://randomuser.me/api/portraits/women/37.jpg</large>
			<medium>https://randomuser.me/api/portraits/med/women/37.jpg</medium>
			<thumbnail>https://randomuser.me/api/portraits/thumb/women/37.jpg</thumbnail>
		</picture>
		<nat>DK</nat>
	</contacts>
	<contacts>
		<gender>male</gender>
		<name>
			<title>monsieur</title>
			<first>léo</first>
			<last>vincent</last>
		</name>
		<location>
			<street>2068 rue pasteur</street>
			<city>ogens</city>
			<state>zug</state>
			<postcode>5047</postcode>
		</location>
		<email>léo.vincent@example.com</email>
		<login>
			<username>tinyfish769</username>
			<password>chrissy</password>
			<salt>6vb2WsfP</salt>
			<md5>8af74a114f9bc86c0d979c4903560416</md5>
			<sha1>a22b05ef07b687fe4650e1fdd419a239e4910994</sha1>
			<sha256>8a7bd158f579468eab2ff2dd747750ac77cdb266783153eb84d6bcfa9b6cd756</sha256>
		</login>
		<dob>1953-05-21 11:22:17</dob>
		<registered>2014-04-18 08:57:50</registered>
		<phone>(140)-663-3063</phone>
		<cell>(158)-447-0146</cell>
		<id>3</id>
		<picture>
			<large>https://randomuser.me/api/portraits/men/70.jpg</large>
			<medium>https://randomuser.me/api/portraits/med/men/70.jpg</medium>
			<thumbnail>https://randomuser.me/api/portraits/thumb/men/70.jpg</thumbnail>
		</picture>
		<nat>CH</nat>
	</contacts>
	<contacts>
		<gender>male</gender>
		<name>
			<title>mr</title>
			<first>brennan</first>
			<last>phillips</last>
		</name>
		<location>
			<street>5627 northaven rd</street>
			<city>bundaberg</city>
			<state>western australia</state>
			<postcode>3901</postcode>
		</location>
		<email>brennan.phillips@example.com</email>
		<login>
			<username>crazybutterfly678</username>
			<password>thirty</password>
			<salt>Hgpt7dmi</salt>
			<md5>b8948331c6d9742080e4f1f86d2e072e</md5>
			<sha1>0d13858dbf10a6cd54d5724b960be36607816ff4</sha1>
			<sha256>c5eba259e0959ab66470276d9f0fc2f1330c557a17caae73fb61d2555231a5c8</sha256>
		</login>
		<dob>1970-03-14 05:13:22</dob>
		<registered>2011-07-16 23:56:15</registered>
		<phone>07-9972-8711</phone>
		<cell>0465-693-488</cell>
		<id>4</id>
		<picture>
			<large>https://randomuser.me/api/portraits/men/80.jpg</large>
			<medium>https://randomuser.me/api/portraits/med/men/80.jpg</medium>
			<thumbnail>https://randomuser.me/api/portraits/thumb/men/80.jpg</thumbnail>
		</picture>
		<nat>AU</nat>
	</contacts>
	<contacts>
		<gender>male</gender>
		<name>
			<title>mr</title>
			<first>jessie</first>
			<last>berry</last>
		</name>
		<location>
			<street>4291 strand road</street>
			<city>carrigtwohill</city>
			<state>roscommon</state>
			<postcode>47934</postcode>
		</location>
		<email>jessie.berry@example.com</email>
		<login>
			<username>beautifulostrich980</username>
			<password>kelley</password>
			<salt>Ci3Qkp2Q</salt>
			<md5>31cc4026095b517ccf159757beb1d17b</md5>
			<sha1>5ee9706e95d8de84f62330ad360e3f4941bff5ec</sha1>
			<sha256>a5119297340cbcb1443667979aa10dbac094afb9c1683676a36cd68852447944</sha256>
		</login>
		<dob>1968-02-02 19:50:40</dob>
		<registered>2003-09-19 05:20:40</registered>
		<phone>021-583-5311</phone>
		<cell>081-941-0671</cell>
		<id>5</id>
		<picture>
			<large>https://randomuser.me/api/portraits/men/40.jpg</large>
			<medium>https://randomuser.me/api/portraits/med/men/40.jpg</medium>
			<thumbnail>https://randomuser.me/api/portraits/thumb/men/40.jpg</thumbnail>
		</picture>
		<nat>IE</nat>
	</contacts>
	<contacts>
		<gender>male</gender>
		<name>
			<title>mr</title>
			<first>sohail</first>
			<last>peelen</last>
		</name>
		<location>
			<street>9626 lange nieuwstraat</street>
			<city>menameradiel</city>
			<state>flevoland</state>
			<postcode>41801</postcode>
		</location>
		<email>sohail.peelen@example.com</email>
		<login>
			<username>yellowgorilla849</username>
			<password>stonecol</password>
			<salt>fYV2coc4</salt>
			<md5>070303953e822663990df0b4ae1037f5</md5>
			<sha1>3a811688dfe527ec552283f677d5743c8f1e5260</sha1>
			<sha256>798eb4f3dee135a02431e8f56cfca0644a75b0fa3413a374483f2f6b575c7339</sha256>
		</login>
		<dob>1986-01-02 17:42:49</dob>
		<registered>2009-09-25 13:38:27</registered>
		<phone>(968)-035-4652</phone>
		<cell>(764)-769-6243</cell>
		<id>6</id>
		<picture>
			<large>https://randomuser.me/api/portraits/men/20.jpg</large>
			<medium>https://randomuser.me/api/portraits/med/men/20.jpg</medium>
			<thumbnail>https://randomuser.me/api/portraits/thumb/men/20.jpg</thumbnail>
		</picture>
		<nat>NL</nat>
	</contacts>
	<contacts>
		<gender>female</gender>
		<name>
			<title>ms</title>
			<first>nina</first>
			<last>smith</last>
		</name>
		<location>
			<street>4192 hardy street</street>
			<city>tauranga</city>
			<state>wellington</state>
			<postcode>13381</postcode>
		</location>
		<email>nina.smith@example.com</email>
		<login>
			<username>organicostrich326</username>
			<password>murray</password>
			<salt>OFuHKUJ4</salt>
			<md5>e71fd2c152f920437626258f0d7946d0</md5>
			<sha1>86e80e12655f180f632796f2621afa98f755b3ef</sha1>
			<sha256>2a83f7f1478a27eb694c5387a538c88781dd25e26dd3e9d2f65b2e3e4b2cba08</sha256>
		</login>
		<dob>1980-01-21 17:10:13</dob>
		<registered>2010-01-13 11:13:54</registered>
		<phone>(632)-936-2547</phone>
		<cell>(555)-069-6858</cell>
		<id>7</id>
		<picture>
			<large>https://randomuser.me/api/portraits/women/24.jpg</large>
			<medium>https://randomuser.me/api/portraits/med/women/24.jpg</medium>
			<thumbnail>https://randomuser.me/api/portraits/thumb/women/24.jpg</thumbnail>
		</picture>
		<nat>NZ</nat>
	</contacts>
	<contacts>
		<gender>female</gender>
		<name>
			<title>miss</title>
			<first>sophia</first>
			<last>mccoy</last>
		</name>
		<location>
			<street>6033 west street</street>
			<city>bath</city>
			<state>lincolnshire</state>
			<postcode>VQ6B 6HA</postcode>
		</location>
		<email>sophia.mccoy@example.com</email>
		<login>
			<username>organictiger172</username>
			<password>midnite</password>
			<salt>khKmlLMO</salt>
			<md5>4b2ceeff14ea56ef321db76df9156ff1</md5>
			<sha1>b30188d29f4f4c0d950b22424dfd6b8a737ec7eb</sha1>
			<sha256>4cb7c884e496dd2a37fd17fe1347dfec0ac5e97135801dfeee24a04c4f6f7860</sha256>
		</login>
		<dob>1992-02-22 14:48:18</dob>
		<registered>2010-08-06 05:19:51</registered>
		<phone>013873 97529</phone>
		<cell>0724-567-274</cell>
		<id>8</id>
		<picture>
			<large>https://randomuser.me/api/portraits/women/77.jpg</large>
			<medium>https://randomuser.me/api/portraits/med/women/77.jpg</medium>
			<thumbnail>https://randomuser.me/api/portraits/thumb/women/77.jpg</thumbnail>
		</picture>
		<nat>GB</nat>
	</contacts>
	<contacts>
		<gender>male</gender>
		<name>
			<title>mr</title>
			<first>antão</first>
			<last>cardoso</last>
		</name>
		<location>
			<street>2117 rua paraná </street>
			<city>bragança</city>
			<state>amazonas</state>
			<postcode>67291</postcode>
		</location>
		<email>antão.cardoso@example.com</email>
		<login>
			<username>lazylion884</username>
			<password>loveit</password>
			<salt>1yILutQ1</salt>
			<md5>604fbbf00659029f0f842252e45dfa8a</md5>
			<sha1>840122db44dc6ad77ecf11ea81427322f8466fd1</sha1>
			<sha256>2c183899b1a3c563327e065580b9816915d9bf7ccb07a4d8d6645ebc64df6fdc</sha256>
		</login>
		<dob>1960-03-20 20:42:35</dob>
		<registered>2007-04-03 00:19:05</registered>
		<phone>(52) 0771-0243</phone>
		<cell>(48) 5646-7425</cell>
		<id>9</id>
		<picture>
			<large>https://randomuser.me/api/portraits/men/15.jpg</large>
			<medium>https://randomuser.me/api/portraits/med/men/15.jpg</medium>
			<thumbnail>https://randomuser.me/api/portraits/thumb/men/15.jpg</thumbnail>
		</picture>
		<nat>BR</nat>
	</contacts>
	<contacts>
		<gender>female</gender>
		<name>
			<title>miss</title>
			<first>meire</first>
			<last>vieira</last>
		</name>
		<location>
			<street>8379 rua quinze de novembro </street>
			<city>porto velho</city>
			<state>piauí</state>
			<postcode>31820</postcode>
		</location>
		<email>meire.vieira@example.com</email>
		<login>
			<username>greenbear899</username>
			<password>cobain</password>
			<salt>9NpIQdhU</salt>
			<md5>a07aff5798f1d99f4957639efd7df575</md5>
			<sha1>3925acadd7d9edb078a52351b69d8eed5fd7c14c</sha1>
			<sha256>dce3e8bf260d2c2872a5ee791818ca113d68d0a3ec905c23f0d04e73609f74b3</sha256>
		</login>
		<dob>1947-07-08 17:39:48</dob>
		<registered>2013-03-11 20:16:53</registered>
		<phone>(43) 7362-6824</phone>
		<cell>(24) 4047-9469</cell>
		<id>10</id>
		<picture>
			<large>https://randomuser.me/api/portraits/women/83.jpg</large>
			<medium>https://randomuser.me/api/portraits/med/women/83.jpg</medium>
			<thumbnail>https://randomuser.me/api/portraits/thumb/women/83.jpg</thumbnail>
		</picture>
		<nat>BR</nat>
	</contacts>
	<contacts>
		<gender>female</gender>
		<name>
			<title>mrs</title>
			<first>hailey</first>
			<last>jones</last>
		</name>
		<location>
			<street>5626 richmond ave</street>
			<city>trenton</city>
			<state>new brunswick</state>
			<postcode>59338</postcode>
		</location>
		<email>hailey.jones@example.com</email>
		<login>
			<username>silverkoala193</username>
			<password>piper</password>
			<salt>IexByUFn</salt>
			<md5>1e5666a6fb0682d86d2bb173151c8b0f</md5>
			<sha1>ec653d2af336f1f48b9f2e46bbf00127a1fe96b9</sha1>
			<sha256>c32c3b35014daf6a6f54a7198913c0424fef58e3ca91dcde91c849906571dbcb</sha256>
		</login>
		<dob>1947-01-07 05:20:17</dob>
		<registered>2004-09-07 02:50:50</registered>
		<phone>087-845-3124</phone>
		<cell>805-466-1733</cell>
		<id>11</id>
		<picture>
			<large>https://randomuser.me/api/portraits/women/61.jpg</large>
			<medium>https://randomuser.me/api/portraits/med/women/61.jpg</medium>
			<thumbnail>https://randomuser.me/api/portraits/thumb/women/61.jpg</thumbnail>
		</picture>
		<nat>CA</nat>
	</contacts>
</root>